<?xml version="1.0"?>
<!DOCTYPE hibernate-mapping PUBLIC "-//Hibernate/Hibernate Mapping DTD 3.0//EN"
"http://www.hibernate.org/dtd/hibernate-mapping-3.0.dtd">
<!-- Generated 16-feb-2020 0:32:37 by Hibernate Tools 4.3.1 -->
<hibernate-mapping>
    <class name="entidades.Cuenta" table="CUENTA" schema="USUARIO" optimistic-lock="version">
        <id name="usuario" type="string">
            <column name="USUARIO" length="25" />
            <generator class="assigned" />
        </id>
        <property name="password" type="string">
            <column name="PASSWORD" length="25" not-null="true" />
        </property>
    </class>
</hibernate-mapping>
